type,name,module,path,hash
"csv","agent-manifest","_config","_config/agent-manifest.csv","518743c605a0481dbd1f3c9075084ebc0903ef366e93ce454d078da00359e126"
"csv","task-manifest","_config","_config/task-manifest.csv","bac7378952f0c79a48469b582997507b08cf08583b31b8aa6083791db959e0f0"
"csv","workflow-manifest","_config","_config/workflow-manifest.csv","5ee2952d953023b3e78f51ad477e738f6832852bc29eb6e1f4c4ebbcaa7d4f7d"
"yaml","manifest","_config","_config/manifest.yaml","a2a604d618ce4f6a111dc9be79e1d4c0cf2717bad1acec18369ad6d336d23726"
"csv","brain-methods","core","core/workflows/brainstorming/brain-methods.csv","0ab5878b1dbc9e3fa98cb72abfc3920a586b9e2b42609211bb0516eefd542039"
"csv","methods","core","core/workflows/advanced-elicitation/methods.csv","e08b2e22fec700274982e37be608d6c3d1d4d0c04fa0bae05aa9dba2454e6141"
"csv","module-help","core","core/module-help.csv","4227d475748e8067aeae3e1a67d7b6235c109da13b2ef9131db930083dcb348d"
"md","help","core","core/tasks/help.md","950439aaff47aa25f94ede360ce8f8a47bf29c52b7f19c76a45960e8687fe726"
"md","step-01-agent-loading","core","core/workflows/party-mode/steps/step-01-agent-loading.md","04ab6b6247564f7edcd5c503f5ca7d27ae688b09bbe2e24345550963a016e9f9"
"md","step-01-session-setup","core","core/workflows/brainstorming/steps/step-01-session-setup.md","bc09cc22a0465b316ff3c13903b753768fa31d83abd3f9fc328631db63dc0cf8"
"md","step-01b-continue","core","core/workflows/brainstorming/steps/step-01b-continue.md","d76a406e0ff0a0e58006ec671b56f19a059e98cfebba4c0724ae6ccdd9303e7f"
"md","step-02-discussion-orchestration","core","core/workflows/party-mode/steps/step-02-discussion-orchestration.md","a8a79890bd03237e20f1293045ecf06f9a62bc590f5c2d4f88e250cee40abb0b"
"md","step-02a-user-selected","core","core/workflows/brainstorming/steps/step-02a-user-selected.md","558b162466745b92687a5d6e218f243a98436dd177b2d5544846c5ff4497cc94"
"md","step-02b-ai-recommended","core","core/workflows/brainstorming/steps/step-02b-ai-recommended.md","99aa935279889f278dcb2a61ba191600a18e9db356dd8ce62f0048d3c37c9531"
"md","step-02c-random-selection","core","core/workflows/brainstorming/steps/step-02c-random-selection.md","f188c260c321c7f026051fefcd267a26ee18ce2a07f64bab7f453c0c3e483316"
"md","step-02d-progressive-flow","core","core/workflows/brainstorming/steps/step-02d-progressive-flow.md","a28c7a3edf34ceb0eea203bf7dc80f39ca04974f6d1ec243f0a088281b2e55de"
"md","step-03-graceful-exit","core","core/workflows/party-mode/steps/step-03-graceful-exit.md","bdecc33004d73238ca05d8fc9d6b86cba89833630956f53ecd82ec3715c5f0da"
"md","step-03-technique-execution","core","core/workflows/brainstorming/steps/step-03-technique-execution.md","9e6abceec5f774c57cd5205e30a1f24a95441131dbffcae9c3dce72111f95ceb"
"md","step-04-idea-organization","core","core/workflows/brainstorming/steps/step-04-idea-organization.md","5224490c33bf4b23b2897f3bcf12abe0b1ced306541dd60c21df0ce9fc65d1ac"
"md","template","core","core/workflows/brainstorming/template.md","5c99d76963eb5fc21db96c5a68f39711dca7c6ed30e4f7d22aedee9e8bb964f9"
"md","workflow","core","core/workflows/brainstorming/workflow.md","7d7f957ccd176faed2551e3089abfa49032963e980b5643d9384690af3d61203"
"md","workflow","core","core/workflows/party-mode/workflow.md","f8537e152df8db331d86e2a37e5ced55bccff3a71e290f82eb754d28c0c9ec08"
"xml","editorial-review-prose","core","core/tasks/editorial-review-prose.xml","49f462ddc5f20a6e2abf14e4b8f3a25c70885c6a6d776ef4674739dd7880988a"
"xml","editorial-review-structure","core","core/tasks/editorial-review-structure.xml","307edce94877dacdaafb10f7ea39115944c7d19e57228a7859abf2fee8b1a177"
"xml","index-docs","core","core/tasks/index-docs.xml","90076db678b1d65b4dd8b166731584fafc68e660e5015f309a1c78aae6e25a28"
"xml","review-adversarial-general","core","core/tasks/review-adversarial-general.xml","347436fde09411caaab10ff97e4cbd2bfef31dbe9f8db9e0eb49c3ed361ede7b"
"xml","shard-doc","core","core/tasks/shard-doc.xml","947f2c7d4f6bb269ad0bcc1a03227d0d6da642d9df47894b8ba215c5149aed3d"
"xml","workflow","core","core/tasks/workflow.xml","17bca7fa63bae20aaac4768d81463a7a2de7f80b60d4d9a8f36b70821ba86cfd"
"xml","workflow","core","core/workflows/advanced-elicitation/workflow.xml","ead4dc1e50c95d8966b3676842a57fca97c70d83f1f3b9e9c2d746821e6868b4"
"yaml","config","core","core/config.yaml","6fe04483579a16887e03fcd290aaa0e46446d54af573dce489e5283725c7d5d1"
"csv","default-party","tea","tea/teams/default-party.csv","b41cb24a2367b6d856c14f955d59b3e924ebead6c7a5ffba0d5c4c1d02cae0fb"
"csv","module-help","tea","tea/module-help.csv","07ef2181eadbc00f2f703fed51e3a4aa955def9cad2609e830d9c960d73045b3"
"csv","tea-index","tea","tea/testarch/tea-index.csv","1ac2f3c24dc7eac692364636d93b02b44a89cf2b46b2356db5c55bc0e160234d"
"md","adr-quality-readiness-checklist","tea","tea/testarch/knowledge/adr-quality-readiness-checklist.md","d5f5c2917e8bcc82517640d5354f85fcdf9f5975b093c1ec768c3d17ee634292"
"md","api-request","tea","tea/testarch/knowledge/api-request.md","c12a7fe2dfec4919a259e5970a9621559f1e5769a711c4774e75df77805deb09"
"md","api-testing-patterns","tea","tea/testarch/knowledge/api-testing-patterns.md","26c8fdb9abcb91f96122091dcc9e9e6e4a1a08288f331102354a44c6aca3b05f"
"md","atdd-checklist-template","tea","tea/workflows/testarch/atdd/atdd-checklist-template.md","2bd0818aa0593f3302420dcfcbdf307203311bfb0d8ce127983d642813ba01c1"
"md","auth-session","tea","tea/testarch/knowledge/auth-session.md","2b3de2a9468caf85f0e47ba9d79b142f424b6c10e3a342c264f1cf73d2f70ddc"
"md","burn-in","tea","tea/testarch/knowledge/burn-in.md","5ba3d2abe6b961e5bc3948ab165e801195bff3ee6e66569c00c219b484aa4b5d"
"md","certificate-template","tea","tea/workflows/testarch/teach-me-testing/templates/certificate-template.md","1473946a9e3601e473e6c6c7c2ac2cb6cf1b7f3f22d07f1828cd3a9275158a08"
"md","checklist","tea","tea/workflows/testarch/atdd/checklist.md","4af3b837cc5ce6a9f8177e153c61929060e08686607c375e4527c7cc993b2c70"
"md","checklist","tea","tea/workflows/testarch/automate/checklist.md","3a8f47b83ad8eff408f7126f7729d4b930738bf7d03b0caea91d1ef49aeb19ee"
"md","checklist","tea","tea/workflows/testarch/ci/checklist.md","3e4dbd8abfe142cbc5886e613d755aec99e7db676dc23645374e9d9047d33449"
"md","checklist","tea","tea/workflows/testarch/framework/checklist.md","f32b799afe9a73ca26a2ae7671f3656000cc6c45592c44e37a5dbb56142d65c8"
"md","checklist","tea","tea/workflows/testarch/nfr-assess/checklist.md","7c940c238a25a53a6732ce2b5c74ae1e3fef020f61d032e03477024701462b5d"
"md","checklist","tea","tea/workflows/testarch/teach-me-testing/checklist.md","8ae9620ee1d25e3758be40e05e1ec0e5f8d06f47b9a8c77ae1e2eb965d9b3ff0"
"md","checklist","tea","tea/workflows/testarch/test-design/checklist.md","1caf6b0e1aa2a5a66cdbe67e6c3f0629e11aed561d0d10ff4b27cef3f878ab56"
"md","checklist","tea","tea/workflows/testarch/test-review/checklist.md","e39f2fb9c2dbfd158e5b5c1602fd15d5dbd3b0f0616d171e0551c356c92416f9"
"md","checklist","tea","tea/workflows/testarch/trace/checklist.md","01791b48f275dc53e5426045c6e62d115e3917878b67e98ec2d5d5fa21c69ff0"
"md","ci-burn-in","tea","tea/testarch/knowledge/ci-burn-in.md","4cdcf7b576dae8b5cb591a6fad69674f65044a0dc72ea57d561623dac93ec475"
"md","component-tdd","tea","tea/testarch/knowledge/component-tdd.md","88bd1f9ca1d5bcd1552828845fe80b86ff3acdf071bac574eda744caf7120ef8"
"md","contract-testing","tea","tea/testarch/knowledge/contract-testing.md","d8f662c286b2ea4772213541c43aebef006ab6b46e8737ebdc4a414621895599"
"md","data-factories","tea","tea/testarch/knowledge/data-factories.md","d7428fe7675da02b6f5c4c03213fc5e542063f61ab033efb47c1c5669b835d88"
"md","email-auth","tea","tea/testarch/knowledge/email-auth.md","43f4cc3138a905a91f4a69f358be6664a790b192811b4dfc238188e826f6b41b"
"md","error-handling","tea","tea/testarch/knowledge/error-handling.md","8a314eafb31e78020e2709d88aaf4445160cbefb3aba788b62d1701557eb81c1"
"md","feature-flags","tea","tea/testarch/knowledge/feature-flags.md","f6db7e8de2b63ce40a1ceb120a4055fbc2c29454ad8fca5db4e8c065d98f6f49"
"md","file-utils","tea","tea/testarch/knowledge/file-utils.md","7d1092930118fb160b9c0a4a48c398d9b08bb909d1e2432662d8e81e1e3b0087"
"md","fixture-architecture","tea","tea/testarch/knowledge/fixture-architecture.md","a3b6c1bcaf5e925068f3806a3d2179ac11dde7149e404bc4bb5602afb7392501"
"md","fixtures-composition","tea","tea/testarch/knowledge/fixtures-composition.md","8e57a897663a272fd603026aeec76941543c1e09d129e377846726fd405f3a5a"
"md","instructions","tea","tea/workflows/testarch/atdd/instructions.md","045c7c4ff9dbb755bd8b33e70bb16cbdb1b1364c2d6376f8e9a3018a2209d07a"
"md","instructions","tea","tea/workflows/testarch/automate/instructions.md","b58fc8ff2b07b159cb2e24b68aafdfc4249a2a7418c6968987343129bf748bcb"
"md","instructions","tea","tea/workflows/testarch/ci/instructions.md","a49a964ebb9ef52aed606e05c1c484883851a49c0443fdc177deefa44cf661cc"
"md","instructions","tea","tea/workflows/testarch/framework/instructions.md","f4a3aa11d398182f3b55de3314dd2412035f9e9f0f44c35a4a44349b4427a59f"
"md","instructions","tea","tea/workflows/testarch/nfr-assess/instructions.md","065e41932509782456c13811aa26e88b44884aa8d9bfbae9d8c8afb1f06f68fd"
"md","instructions","tea","tea/workflows/testarch/teach-me-testing/instructions.md","40c4eed58b058a9cc8cab7d32f3dbb1960e535c6456620b46e12ebfbd7692506"
"md","instructions","tea","tea/workflows/testarch/test-design/instructions.md","266d0035bf0e5827ecc40630ac455bf08044d84c2e8f4c4b6296f11e1bdcf67e"
"md","instructions","tea","tea/workflows/testarch/test-review/instructions.md","2d634af3686393b3e8cd380b03b299e53ada938d716ec4fe5593891a39227b05"
"md","instructions","tea","tea/workflows/testarch/trace/instructions.md","4676b89b773547c67671b22ee1d65425b226b74541d890ce612843bdedf541e3"
"md","intercept-network-call","tea","tea/testarch/knowledge/intercept-network-call.md","ac8213cc28a9f9c452a6fb419356dd1d66ce495d7f29d188fcb1bb51456ba869"
"md","log","tea","tea/testarch/knowledge/log.md","54b09992275e1ab361bf109b342a7d487cbb5bafa4e9cc48b320a1a5eb11857f"
"md","network-error-monitor","tea","tea/testarch/knowledge/network-error-monitor.md","c9041fd4af8162580a12c7adad79fdf7539fae7d6717fe7dace05e851c1b734c"
"md","network-first","tea","tea/testarch/knowledge/network-first.md","2920e58e145626f5505bcb75e263dbd0e6ac79a8c4c2ec138f5329e06a6ac014"
"md","network-recorder","tea","tea/testarch/knowledge/network-recorder.md","ebd7a63b5834d69c75a826d775d86d466e0a0e4393101452198fe39da44772a6"
"md","nfr-criteria","tea","tea/testarch/knowledge/nfr-criteria.md","e63cee4a0193e4858c8f70ff33a497a1b97d13a69da66f60ed5c9a9853025aa1"
"md","nfr-report-template","tea","tea/workflows/testarch/nfr-assess/nfr-report-template.md","fcd335868334cbbdd10ad929b2d17edccd071f60adb80b959d6b3edab55e9995"
"md","overview","tea","tea/testarch/knowledge/overview.md","ba667e89ab108833a47a237713cbcc3e4a4e36e3fb57f3de14f3f4634605b1de"
"md","playwright-cli","tea","tea/testarch/knowledge/playwright-cli.md","fc978b352c39a1f9193a4f6e8c1438d29d4b01957eec9f6acbd15c4d3d6108a2"
"md","playwright-config","tea","tea/testarch/knowledge/playwright-config.md","42516511104a7131775f4446196cf9e5dd3295ba3272d5a5030660b1dffaa69f"
"md","probability-impact","tea","tea/testarch/knowledge/probability-impact.md","446dba0caa1eb162734514f35366f8c38ed3666528b0b5e16c7f03fd3c537d0f"
"md","README","tea","tea/workflows/testarch/README.md","44b35bd1544523b8f75f453bb128b521d0bba77663e48de9502e8c0c12663707"
"md","recurse","tea","tea/testarch/knowledge/recurse.md","7937897b8d8fd74ab647634fb549ba9344e86d39f9a705e8731a7531e51ad726"
"md","risk-governance","tea","tea/testarch/knowledge/risk-governance.md","2fa2bc3979c4f6d4e1dec09facb2d446f2a4fbc80107b11fc41cbef2b8d65d68"
"md","selective-testing","tea","tea/testarch/knowledge/selective-testing.md","c14c8e1bcc309dbb86a60f65bc921abf5a855c18a753e0c0654a108eb3eb1f1c"
"md","selector-resilience","tea","tea/testarch/knowledge/selector-resilience.md","a55c25a340f1cd10811802665754a3f4eab0c82868fea61fea9cc61aa47ac179"
"md","session-notes-template","tea","tea/workflows/testarch/teach-me-testing/templates/session-notes-template.md","bdcc8dac35ed5ce2c7a95ab0fd55b2dfa27e3173ed1f5d78e44f8755514e1c70"
"md","step-01-assess","tea","tea/workflows/testarch/atdd/steps-e/step-01-assess.md","a98e5d250cd980cbe6bdc33682763512622eee8db3610d42f85e621df6eecf2d"
"md","step-01-assess","tea","tea/workflows/testarch/automate/steps-e/step-01-assess.md","a98e5d250cd980cbe6bdc33682763512622eee8db3610d42f85e621df6eecf2d"
"md","step-01-assess","tea","tea/workflows/testarch/ci/steps-e/step-01-assess.md","a98e5d250cd980cbe6bdc33682763512622eee8db3610d42f85e621df6eecf2d"
"md","step-01-assess","tea","tea/workflows/testarch/framework/steps-e/step-01-assess.md","a98e5d250cd980cbe6bdc33682763512622eee8db3610d42f85e621df6eecf2d"
"md","step-01-assess","tea","tea/workflows/testarch/nfr-assess/steps-e/step-01-assess.md","a98e5d250cd980cbe6bdc33682763512622eee8db3610d42f85e621df6eecf2d"
"md","step-01-assess","tea","tea/workflows/testarch/test-design/steps-e/step-01-assess.md","a98e5d250cd980cbe6bdc33682763512622eee8db3610d42f85e621df6eecf2d"
"md","step-01-assess","tea","tea/workflows/testarch/test-review/steps-e/step-01-assess.md","a98e5d250cd980cbe6bdc33682763512622eee8db3610d42f85e621df6eecf2d"
"md","step-01-assess","tea","tea/workflows/testarch/trace/steps-e/step-01-assess.md","a98e5d250cd980cbe6bdc33682763512622eee8db3610d42f85e621df6eecf2d"
"md","step-01-detect-mode","tea","tea/workflows/testarch/test-design/steps-c/step-01-detect-mode.md","cdecf026ed2d5215603932fbbc5a7304520a94d1ff1e3528abbc8ab3cd3f78e6"
"md","step-01-init","tea","tea/workflows/testarch/teach-me-testing/steps-c/step-01-init.md","9a4ac8b773ebf75653d648d668a58c21d7e8ebae979e1dfd1a04e1bafb2eeaa9"
"md","step-01-load-context","tea","tea/workflows/testarch/nfr-assess/steps-c/step-01-load-context.md","4a7155cccb374629fe5997749497bc6be4c296a3e52d2e214cbd625c93ae9e7d"
"md","step-01-load-context","tea","tea/workflows/testarch/test-review/steps-c/step-01-load-context.md","24f25ddc24c0f3453f94e7cf73a77a1c3e900e3c39d8a212eb4801ec4728daf7"
"md","step-01-load-context","tea","tea/workflows/testarch/trace/steps-c/step-01-load-context.md","ff5fcf453f1d580454d76790f3c68e835776dd37758e88dd347ab4e9bec3a958"
"md","step-01-preflight","tea","tea/workflows/testarch/ci/steps-c/step-01-preflight.md","124a91a704d31f3b5db8ca227f0e6f6bbe5e6c9e4d758af9efa70287d4074f5b"
"md","step-01-preflight","tea","tea/workflows/testarch/framework/steps-c/step-01-preflight.md","fabe1f61262c1fe54fa4c2f61b06348408ceb10e760d096d55cfbee8399455df"
"md","step-01-preflight-and-context","tea","tea/workflows/testarch/atdd/steps-c/step-01-preflight-and-context.md","f4f1ace7a870409a8edefd7fb35bfff1232a10e2995c8efd033356d3dc6b21f7"
"md","step-01-preflight-and-context","tea","tea/workflows/testarch/automate/steps-c/step-01-preflight-and-context.md","4249b0f35764bf4aeb3bbb30d01ea7bf46f740fed13a3b6092f18cb15662907c"
"md","step-01-validate","tea","tea/workflows/testarch/atdd/steps-v/step-01-validate.md","b9951eb60134b511fb26a0af757b8c89fbbe4a6fc9620cfbae6b74cb9d312da5"
"md","step-01-validate","tea","tea/workflows/testarch/automate/steps-v/step-01-validate.md","f0044d7db87235d5814ae02217bff4e9cfe6b4457a37917e31c48d04be3b765d"
"md","step-01-validate","tea","tea/workflows/testarch/ci/steps-v/step-01-validate.md","389535b4c31b858a450ade6b4314ee28c2e705e0515e9602b21c0b0a2a95c5f3"
"md","step-01-validate","tea","tea/workflows/testarch/framework/steps-v/step-01-validate.md","63a16923831596800fd4dd7c7bb3aefe1cd11dcf1caa6c822fdc4ec9df8f7926"
"md","step-01-validate","tea","tea/workflows/testarch/nfr-assess/steps-v/step-01-validate.md","f6115af429f6e1ad012dce12fb9692b471f5245340060f00e85c5830c716c2c1"
"md","step-01-validate","tea","tea/workflows/testarch/test-design/steps-v/step-01-validate.md","34885b7d44716847b7e349520a5f14dcbaea2c330b53c4062892e436ca23be96"
"md","step-01-validate","tea","tea/workflows/testarch/test-review/steps-v/step-01-validate.md","4bf0c205961ba0aa642efee9cd5d8234284b158ebf1ab17b47963a7695d6f815"
"md","step-01-validate","tea","tea/workflows/testarch/trace/steps-v/step-01-validate.md","5b024f898b7665a0d53976a045aa99d0ea95089fd368bc3149b48bc48866a4ed"
"md","step-01b-continue","tea","tea/workflows/testarch/teach-me-testing/steps-c/step-01b-continue.md","6640cc4b88a8c52655491546fedd4e41396e81ec1f635ce8679f96a350921537"
"md","step-02-apply-edit","tea","tea/workflows/testarch/atdd/steps-e/step-02-apply-edit.md","053a6c2c2a7605a0fb942e2f72c0a52e46eab993cf100883a3f40d2eb271b612"
"md","step-02-apply-edit","tea","tea/workflows/testarch/automate/steps-e/step-02-apply-edit.md","053a6c2c2a7605a0fb942e2f72c0a52e46eab993cf100883a3f40d2eb271b612"
"md","step-02-apply-edit","tea","tea/workflows/testarch/ci/steps-e/step-02-apply-edit.md","053a6c2c2a7605a0fb942e2f72c0a52e46eab993cf100883a3f40d2eb271b612"
"md","step-02-apply-edit","tea","tea/workflows/testarch/framework/steps-e/step-02-apply-edit.md","053a6c2c2a7605a0fb942e2f72c0a52e46eab993cf100883a3f40d2eb271b612"
"md","step-02-apply-edit","tea","tea/workflows/testarch/nfr-assess/steps-e/step-02-apply-edit.md","053a6c2c2a7605a0fb942e2f72c0a52e46eab993cf100883a3f40d2eb271b612"
"md","step-02-apply-edit","tea","tea/workflows/testarch/test-design/steps-e/step-02-apply-edit.md","053a6c2c2a7605a0fb942e2f72c0a52e46eab993cf100883a3f40d2eb271b612"
"md","step-02-apply-edit","tea","tea/workflows/testarch/test-review/steps-e/step-02-apply-edit.md","053a6c2c2a7605a0fb942e2f72c0a52e46eab993cf100883a3f40d2eb271b612"
"md","step-02-apply-edit","tea","tea/workflows/testarch/trace/steps-e/step-02-apply-edit.md","053a6c2c2a7605a0fb942e2f72c0a52e46eab993cf100883a3f40d2eb271b612"
"md","step-02-assess","tea","tea/workflows/testarch/teach-me-testing/steps-c/step-02-assess.md","21a2f9f2ef55cc191ccf840cc25df325b21b339244d8ab7dd5649dd3d3b33878"
"md","step-02-define-thresholds","tea","tea/workflows/testarch/nfr-assess/steps-c/step-02-define-thresholds.md","369d260bfa07f59ec1cebba76dbe4226be4ed1cb56b94d35559149ad88d54fa2"
"md","step-02-discover-tests","tea","tea/workflows/testarch/test-review/steps-c/step-02-discover-tests.md","0015799ed59e09449956ee8c7a5d3701370d9f16a7351e2a3b10a7e0e5c7240d"
"md","step-02-discover-tests","tea","tea/workflows/testarch/trace/steps-c/step-02-discover-tests.md","a5586f3f68a540bb45a65c473c1bbeb8426708aa7fdbe2612e65d48a412defa9"
"md","step-02-generate-pipeline","tea","tea/workflows/testarch/ci/steps-c/step-02-generate-pipeline.md","7f846b0c986f53275ed4c2450aa45f4910d524ef67550dc7a7e5171988db8bbc"
"md","step-02-generation-mode","tea","tea/workflows/testarch/atdd/steps-c/step-02-generation-mode.md","bb0768a527df933601f49f2efb0ec1a66336f086f5324769f7fc01794cf531d8"
"md","step-02-identify-targets","tea","tea/workflows/testarch/automate/steps-c/step-02-identify-targets.md","f279703a9541a3425a126530ac17b896545ac7fa0fdb519841ad025f2674d282"
"md","step-02-load-context","tea","tea/workflows/testarch/test-design/steps-c/step-02-load-context.md","001ac093d8f5a76b8f0dc09fded7d19feac1e075991303bb5ff3f189b19b1dcb"
"md","step-02-select-framework","tea","tea/workflows/testarch/framework/steps-c/step-02-select-framework.md","cd3d066b14341638a9c1760ba616594bc8e8f26b502d4c8aa0d95186b4f09e17"
"md","step-03-configure-quality-gates","tea","tea/workflows/testarch/ci/steps-c/step-03-configure-quality-gates.md","4bebf3c3e376e572617a8b353778b6e621789f1975bbb0f0bdcaa9c71fc4ebd6"
"md","step-03-gather-evidence","tea","tea/workflows/testarch/nfr-assess/steps-c/step-03-gather-evidence.md","bc296f8d769150b52e0729301af9222d006be1cd832202b0109a19d45e035dbb"
"md","step-03-generate-tests","tea","tea/workflows/testarch/automate/steps-c/step-03-generate-tests.md","52e793a89f862341077c381cbf2ad1991c456d2213016e52867518f43f2999b6"
"md","step-03-map-criteria","tea","tea/workflows/testarch/trace/steps-c/step-03-map-criteria.md","1f2f63e43fe2b588663c01745b88c5e4f0c68a1ac7213e257b648107e5aa942a"
"md","step-03-quality-evaluation","tea","tea/workflows/testarch/test-review/steps-c/step-03-quality-evaluation.md","8d2d2aaa84ca5b1c654d1d3aba324ae384b6ce3bc1183a15ecf8c0ef043fd7c7"
"md","step-03-risk-and-testability","tea","tea/workflows/testarch/test-design/steps-c/step-03-risk-and-testability.md","3c0b4ac9546aa8ae8946bea9c0b6c0ddae0f95b32adc3599936d25f0bde229c6"
"md","step-03-scaffold-framework","tea","tea/workflows/testarch/framework/steps-c/step-03-scaffold-framework.md","ddedbea1bd178916c243b0811989ec6f92fcd4024810042952a8a933171434e1"
"md","step-03-session-menu","tea","tea/workflows/testarch/teach-me-testing/steps-c/step-03-session-menu.md","cdd71419e3d2e4c22132d66a9be1149235c2b59cef39cb75c0608c05ac072d6f"
"md","step-03-test-strategy","tea","tea/workflows/testarch/atdd/steps-c/step-03-test-strategy.md","e78b13a4f825a6c25aa7d1fc067cfd6516579b593ddd929ddaf5c3663e6a98b2"
"md","step-03a-subprocess-api","tea","tea/workflows/testarch/automate/steps-c/step-03a-subprocess-api.md","c37a6f60a29aaef7f5c189f9736d07e43f299bca12b797ea3b17a09902e5b35e"
"md","step-03a-subprocess-determinism","tea","tea/workflows/testarch/test-review/steps-c/step-03a-subprocess-determinism.md","4c3f21fa0acfffc3a18dfae5a04784ed18811becf02606b9c6b4e17d3232b087"
"md","step-03b-subprocess-e2e","tea","tea/workflows/testarch/automate/steps-c/step-03b-subprocess-e2e.md","6e6cd2398c3f30e38ad829bf3539d963fb7df9db0bd3ab4a9facfed5a69119b1"
"md","step-03b-subprocess-isolation","tea","tea/workflows/testarch/test-review/steps-c/step-03b-subprocess-isolation.md","524ca871fc82fbb133f2601508a8cac8a88efd674e94615f306e6e6e4d6e88ad"
"md","step-03c-aggregate","tea","tea/workflows/testarch/automate/steps-c/step-03c-aggregate.md","2b8e3d904641e9fb595eef5cb3b936e9d8fe2645ad47a2c2bbd72c84c07f67d9"
"md","step-03c-subprocess-maintainability","tea","tea/workflows/testarch/test-review/steps-c/step-03c-subprocess-maintainability.md","7d830af71d7fbfa12f5a6fbc194171070d0560f388d68d34e105ea509d92af39"
"md","step-03d-subprocess-coverage","tea","tea/workflows/testarch/test-review/steps-c/step-03d-subprocess-coverage.md","298a5add4276e057b0a6be874215d90c9402f8be3b5349cb93169c719c0cb45d"
"md","step-03e-subprocess-performance","tea","tea/workflows/testarch/test-review/steps-c/step-03e-subprocess-performance.md","6c707a81569a19ba7ffaa6b41cd3c3b962c9b20f5261418bd047cac4e46d46a1"
"md","step-03f-aggregate-scores","tea","tea/workflows/testarch/test-review/steps-c/step-03f-aggregate-scores.md","6eccbda023ee49eb28c6c1d076540053d85de2a24fe4321904db7e157786fa44"
"md","step-04-analyze-gaps","tea","tea/workflows/testarch/trace/steps-c/step-04-analyze-gaps.md","f1e84a5ec00a619bde384fed995566714566c1b921dba574e4a106aa1bdd556b"
"md","step-04-coverage-plan","tea","tea/workflows/testarch/test-design/steps-c/step-04-coverage-plan.md","c6ae0eaa1a6da71723d1565ded13aca70b47013415e41fd07f6b74eefc868f07"
"md","step-04-docs-and-scripts","tea","tea/workflows/testarch/framework/steps-c/step-04-docs-and-scripts.md","5d196aeca7356d0bf1289b9c577bed4062eb3f9cfeb349b9c74ad83ac62c7a2f"
"md","step-04-evaluate-and-score","tea","tea/workflows/testarch/nfr-assess/steps-c/step-04-evaluate-and-score.md","4bf182e4e6fc200879ecbc97c7f8d0421604d21598f49a6564e7b58d18dd2896"
"md","step-04-generate-report","tea","tea/workflows/testarch/test-review/steps-c/step-04-generate-report.md","49f3067423ad087cd4ad3717b8a732d7d92d8554f4208d76a76df1edacae70cf"
"md","step-04-generate-tests","tea","tea/workflows/testarch/atdd/steps-c/step-04-generate-tests.md","d9bf73cc4cfade65546091889efe77316c736e97acf7046585e00bb5a2445abb"
"md","step-04-session-01","tea","tea/workflows/testarch/teach-me-testing/steps-c/step-04-session-01.md","8573a43249eb408ec201cce49d2cbb61a304b7a4ca39a88c75c4dbc364e0149b"
"md","step-04-session-02","tea","tea/workflows/testarch/teach-me-testing/steps-c/step-04-session-02.md","a4081fca2bbb9b3fc06f83006b2ec6394fcdea018be2cdff6589ac4cc2c8a6f9"
"md","step-04-session-03","tea","tea/workflows/testarch/teach-me-testing/steps-c/step-04-session-03.md","729a7193128f6bad23b7da0f0893c7f78f08057d6fed30ddf339700b22b5e78e"
"md","step-04-session-04","tea","tea/workflows/testarch/teach-me-testing/steps-c/step-04-session-04.md","4fb21909bdb382b3964723d9aa02442c588f74006fddc14a28d7dc133bc6f2dc"
"md","step-04-session-05","tea","tea/workflows/testarch/teach-me-testing/steps-c/step-04-session-05.md","abad9591931c5d39e4f9c0a5d1c0688c8b8b0891e5e20bebebbcea45db802dc2"
"md","step-04-session-06","tea","tea/workflows/testarch/teach-me-testing/steps-c/step-04-session-06.md","03ef83440e4fb0f0d11dfc884d1f88016fef213edf7db9e72ba6d469283cb8af"
"md","step-04-session-07","tea","tea/workflows/testarch/teach-me-testing/steps-c/step-04-session-07.md","5f534f33567c6151b739f462d92b1d4b2b8c869be9f7359efdeafa78d5e9e720"
"md","step-04-validate-and-summarize","tea","tea/workflows/testarch/automate/steps-c/step-04-validate-and-summarize.md","077785b1a3c758f3b562e5cb35a2b191e3045cbc8abab80dbda3562d5a1bc917"
"md","step-04-validate-and-summary","tea","tea/workflows/testarch/ci/steps-c/step-04-validate-and-summary.md","2a34c259a4bab99ab3160de869a8d59ff5d1e5f367c4135a7a8abeffacd92031"
"md","step-04a-subprocess-api-failing","tea","tea/workflows/testarch/atdd/steps-c/step-04a-subprocess-api-failing.md","c5592888622a56e3cb54d8d0b789a769569ad951a99f479b7bc937e6f2c28c93"
"md","step-04a-subprocess-security","tea","tea/workflows/testarch/nfr-assess/steps-c/step-04a-subprocess-security.md","f0b6ee13028facd24fb748a7f5bf6c8ff790018f57f950e63adee96c31f430a8"
"md","step-04b-subprocess-e2e-failing","tea","tea/workflows/testarch/atdd/steps-c/step-04b-subprocess-e2e-failing.md","c9e61789001b4abeb75dfc7b3303a4c4fc6def51df0c8d19de1a3fe5eae0589d"
"md","step-04b-subprocess-performance","tea","tea/workflows/testarch/nfr-assess/steps-c/step-04b-subprocess-performance.md","191325fe28623b6ee52d22ecd62ee7f861da3ce9a6243be5f95b915fef7ae75b"
"md","step-04c-aggregate","tea","tea/workflows/testarch/atdd/steps-c/step-04c-aggregate.md","62fe8aa90416ae538b976e24ca48e5fff1e7a8139c4f68edb7f5a7b96182255e"
"md","step-04c-subprocess-reliability","tea","tea/workflows/testarch/nfr-assess/steps-c/step-04c-subprocess-reliability.md","f3aab9dbd369697405dfd3c6b57d0f374f0161d18c8b7ab69a9cfd7746011f2d"
"md","step-04d-subprocess-scalability","tea","tea/workflows/testarch/nfr-assess/steps-c/step-04d-subprocess-scalability.md","3d85f34e82a4ee0c6a5019700a8d73a733cef16886ff27cdc6c4a8bdb145a017"
"md","step-04e-aggregate-nfr","tea","tea/workflows/testarch/nfr-assess/steps-c/step-04e-aggregate-nfr.md","777db41a1227076fb11840894c8af899a21bbdbc7a7e9864914e7eea775bdf95"
"md","step-05-completion","tea","tea/workflows/testarch/teach-me-testing/steps-c/step-05-completion.md","8d978ed5f3954b9f5c962dd1190e2c83dceff9e3a9b0981c7e008ba02d546edd"
"md","step-05-gate-decision","tea","tea/workflows/testarch/trace/steps-c/step-05-gate-decision.md","18ed11c249887079cfbcf0e45b55647d71005a968b12bccee93e417e4d5ff571"
"md","step-05-generate-output","tea","tea/workflows/testarch/test-design/steps-c/step-05-generate-output.md","c760ed7b9bf1d3f0c24e1a330038ea2af0bf211fef3caf3f8bab2e69e42bcc8e"
"md","step-05-generate-report","tea","tea/workflows/testarch/nfr-assess/steps-c/step-05-generate-report.md","7a2618185d3e1e847d5da7dbdb45e86a592bff13f5af4751ee777264a857113c"
"md","step-05-validate-and-complete","tea","tea/workflows/testarch/atdd/steps-c/step-05-validate-and-complete.md","3bd974724f3ecaebdf2ea0bbd0a914b5720a24aa81aed7ea8d1cb5bb9e405482"
"md","step-05-validate-and-summary","tea","tea/workflows/testarch/framework/steps-c/step-05-validate-and-summary.md","bbefcb7180d4e853af6c63d91cd55888dbbfe39236241240cd2f14fd6b53461b"
"md","step-e-01-assess-workflow","tea","tea/workflows/testarch/teach-me-testing/steps-e/step-e-01-assess-workflow.md","b7b3cc8d845b79e9ef81d8c835f63bcbedc930396c0cab49a946dff1b6819e7a"
"md","step-e-02-apply-edits","tea","tea/workflows/testarch/teach-me-testing/steps-e/step-e-02-apply-edits.md","081679a34b6c02804d77156866ba9d41e1dd2952a902314b4937863ce874f27d"
"md","step-v-01-validate","tea","tea/workflows/testarch/teach-me-testing/steps-v/step-v-01-validate.md","b33a9eaac964dbe08d10ff15744f40b8118edc69844c856d4f80b9ba2da77865"
"md","test-design-architecture-template","tea","tea/workflows/testarch/test-design/test-design-architecture-template.md","6f6da05875f8ee2b65feac68704b2c1701aa2fbfb369e1b63098f1f1a749174a"
"md","test-design-qa-template","tea","tea/workflows/testarch/test-design/test-design-qa-template.md","03c8464d57f59328761dd9577747a235d5ca60ce49de2e82c6aeda7e35c8b70a"
"md","test-design-template","tea","tea/workflows/testarch/test-design/test-design-template.md","19c6b691f4af55110cc38e3d64da45c3f41c1b636c5de3c4649d0766ad16b63a"
"md","test-healing-patterns","tea","tea/testarch/knowledge/test-healing-patterns.md","b44f7db1ebb1c20ca4ef02d12cae95f692876aee02689605d4b15fe728d28fdf"
"md","test-levels-framework","tea","tea/testarch/knowledge/test-levels-framework.md","80bbac7959a47a2e7e7de82613296f906954d571d2d64ece13381c1a0b480237"
"md","test-priorities-matrix","tea","tea/testarch/knowledge/test-priorities-matrix.md","321c3b708cc19892884be0166afa2a7197028e5474acaf7bc65c17ac861964a5"
"md","test-quality","tea","tea/testarch/knowledge/test-quality.md","97b6db474df0ec7a98a15fd2ae49671bb8e0ddf22963f3c4c47917bb75c05b90"
"md","test-review-template","tea","tea/workflows/testarch/test-review/test-review-template.md","b476bd8ca67b730ffcc9f11aeb63f5a14996e19712af492ffe0d3a3d1a4645d2"
"md","timing-debugging","tea","tea/testarch/knowledge/timing-debugging.md","c4c87539bbd3fd961369bb1d7066135d18c6aad7ecd70256ab5ec3b26a8777d9"
"md","trace-template","tea","tea/workflows/testarch/trace/trace-template.md","148b715e7b257f86bc9d70b8e51b575e31d193420bdf135b32dd7bd3132762f3"
"md","validation-report-20260127-095021","tea","tea/workflows/testarch/atdd/validation-report-20260127-095021.md","cc5791172e30e79256633699ce166c1194aa9c7ecfdd4ca0eeb9b8b60eeee718"
"md","validation-report-20260127-095021","tea","tea/workflows/testarch/automate/validation-report-20260127-095021.md","a4ed16b892e13c2cb2319389b5ca222808ff2e25ed26e3c92f90c64b3a55933b"
"md","validation-report-20260127-095021","tea","tea/workflows/testarch/ci/validation-report-20260127-095021.md","3451d35e293ec9de1eb8c94e8d4ac7992f2258b032a2dcdc325c50ef2c70a190"
"md","validation-report-20260127-095021","tea","tea/workflows/testarch/framework/validation-report-20260127-095021.md","a48f4c83508201f857216ceec8d20d46d1ca7e69e2689528c3ba9f5844cb56be"
"md","validation-report-20260127-095021","tea","tea/workflows/testarch/nfr-assess/validation-report-20260127-095021.md","42b6fdceb1aad4385fadcc99bf6a326c54b9e0fd23a3120de2c071ebee479ecc"
"md","validation-report-20260127-095021","tea","tea/workflows/testarch/test-design/validation-report-20260127-095021.md","56461e256a8921cad80a7c505ef180286b236aeaba9bef25d8f637115dbdad3c"
"md","validation-report-20260127-095021","tea","tea/workflows/testarch/test-review/validation-report-20260127-095021.md","b9676cc40360957bc541688ce83e28162bde80b8824926a1f6b8a26121077e7a"
"md","validation-report-20260127-095021","tea","tea/workflows/testarch/trace/validation-report-20260127-095021.md","09744b32f1c99808271ea358260dc1675ebda062467bc13b80e1f84fbc93bff9"
"md","validation-report-20260127-102401","tea","tea/workflows/testarch/atdd/validation-report-20260127-102401.md","8c62f371ecd1577233445e019f371b6daa6bf4024dbf72a8aa1258f6cd5938b6"
"md","validation-report-20260127-102401","tea","tea/workflows/testarch/automate/validation-report-20260127-102401.md","4dacd786efbe88bce0b85740b9b31483bdb8edbd5932b0ef32f02217ea94b321"
"md","validation-report-20260127-102401","tea","tea/workflows/testarch/ci/validation-report-20260127-102401.md","558214d09c7dd1c11b6d301d66909df79c50af3116b0358c0bec3a4ab538a3f2"
"md","validation-report-20260127-102401","tea","tea/workflows/testarch/framework/validation-report-20260127-102401.md","e26c86c9637efe5fdd6f185185ba1fe39a5dd29040b1bf7c4b98b3958efa66e1"
"md","validation-report-20260127-102401","tea","tea/workflows/testarch/nfr-assess/validation-report-20260127-102401.md","ab75c92a054746a09b5a6cbad8f78e2a5b8d1b9985e7067c93ffa8509f15101f"
"md","validation-report-20260127-102401","tea","tea/workflows/testarch/test-design/validation-report-20260127-102401.md","01cd483608abc20ef97734ad22584d643bd05bb7ae62a360ce65c95d77e2c862"
"md","validation-report-20260127-102401","tea","tea/workflows/testarch/test-review/validation-report-20260127-102401.md","af3c0808bb19323227dd0c91a7b71b0f8bb928966c15986d9af2c20af5fa8ca8"
"md","validation-report-20260127-102401","tea","tea/workflows/testarch/trace/validation-report-20260127-102401.md","42d284ceccd481c91841c9da9a565d97067e866006e48db8572cc3e78017afea"
"md","visual-debugging","tea","tea/testarch/knowledge/visual-debugging.md","072a3d30ba6d22d5e628fc26a08f6e03f8b696e49d5a4445f37749ce5cd4a8a9"
"md","workflow","tea","tea/workflows/testarch/atdd/workflow.md","7e90a7f267ad9c5f5a8b634dd67944819f9a725511d6e9e9d38b67c175b5e568"
"md","workflow","tea","tea/workflows/testarch/automate/workflow.md","b63d80325bd8ab196df4a73ad27624975b3463fecb32e1e571f3dcf01ea98f3a"
"md","workflow","tea","tea/workflows/testarch/ci/workflow.md","c761f640df5a12a1eb8d227ded43424f02be1cc68a1f258ba8593adc675f54cd"
"md","workflow","tea","tea/workflows/testarch/framework/workflow.md","9906b62df484d29609ea5806f0c687bd55528fdb9c27f70220966656bf42d747"
"md","workflow","tea","tea/workflows/testarch/nfr-assess/workflow.md","f6614ac77bbdaf17a8774d3e745e555a966b8ca7339cc085054f3ee74404ff2b"
"md","workflow","tea","tea/workflows/testarch/teach-me-testing/workflow.md","153258a4ddb6a76ba61b762441d9526f75da0f5a130a8792e500cc72ac5b4329"
"md","workflow","tea","tea/workflows/testarch/test-design/workflow.md","c4c7dda1e07e7d9ea9119106e2d9d92160de5f181dadf236ca68ec79bf697414"
"md","workflow","tea","tea/workflows/testarch/test-review/workflow.md","2c87ea3e3617359ad623487ee3a44b7f930b8b2436ede7bed68318000240b1b5"
"md","workflow","tea","tea/workflows/testarch/trace/workflow.md","2975fe7b97e9753d8ff547a708c03f72ba5035e10dcae831678432c915764620"
"md","workflow-plan","tea","tea/workflows/testarch/atdd/workflow-plan.md","b86e22eff2f91249f83cdd4c5a95cfe9caff51eded0cd1b7f51912ec61349183"
"md","workflow-plan","tea","tea/workflows/testarch/automate/workflow-plan.md","3d3cd40c76dc9f0c2387bef34e9391a9d3a25fe04ea4ebedb6adb72684a3ad06"
"md","workflow-plan","tea","tea/workflows/testarch/ci/workflow-plan.md","628dae2fcc680824c0e376feca84ce05b7cd674f0d5efc935964f4e705dddeb3"
"md","workflow-plan","tea","tea/workflows/testarch/framework/workflow-plan.md","6e181a5bd34a182f85fc9886bf205f13e89e6325db282f6e0f21cd59f122b7ab"
"md","workflow-plan","tea","tea/workflows/testarch/nfr-assess/workflow-plan.md","85ad2ae434f5fbdd55f84f4349f38ea1c72444fc5485821a8a4562a5da891b5a"
"md","workflow-plan","tea","tea/workflows/testarch/test-design/workflow-plan.md","e3b7f847205fb9c004b9772af0da7d9ed4c5038cbedd66c388d6a3b640be5a04"
"md","workflow-plan","tea","tea/workflows/testarch/test-review/workflow-plan.md","15723c03eee5bfc852cd39b843bf4435dabdf02f59a77bb8a8683c4ab8cb3ed6"
"md","workflow-plan","tea","tea/workflows/testarch/trace/workflow-plan.md","1a8d18420d10ecc4a775a858f4e55271bb8e8fca8f1fe98fa3fedaee353097d9"
"md","workflow-plan-teach-me-testing","tea","tea/workflows/testarch/teach-me-testing/workflow-plan-teach-me-testing.md","3d7db8a4b05c5f2e32f85666a6fbc31f03c375fd9479211e30bed69862e55618"
"yaml","config","tea","tea/config.yaml","1b71559068d067f8b8c47b58028f24f37540aaed76f5e207183152439ec3b0c3"
"yaml","curriculum","tea","tea/workflows/testarch/teach-me-testing/data/curriculum.yaml","210a80d8ec3951fce6337e2a2eb7fe4b8cbcae2ffe28185f768274b05d572263"
"yaml","github-actions-template","tea","tea/workflows/testarch/ci/github-actions-template.yaml","cf7d1f0a1f2853b07df1b82b00ebe79f800f8f16817500747b7c4c9c7143aba7"
"yaml","gitlab-ci-template","tea","tea/workflows/testarch/ci/gitlab-ci-template.yaml","986f29817e04996ab9f80bf2de0d25d8ed2365d955cc36d5801afaa93e99e80b"
"yaml","progress-template","tea","tea/workflows/testarch/teach-me-testing/templates/progress-template.yaml","595fe007e9cecd907f0f695f581ff7c86dde770336be8134782a954d4fb6f48f"
"yaml","quiz-questions","tea","tea/workflows/testarch/teach-me-testing/data/quiz-questions.yaml","42c5e6c8703e22992cfcbbeb23d871054b15257153010efe53bf44dbc1f27b4f"
"yaml","role-paths","tea","tea/workflows/testarch/teach-me-testing/data/role-paths.yaml","c5ad85c1de113a6c403ad0f9a3588477caec72a4e4d858f41e96ebd0e4765a7a"
"yaml","session-content-map","tea","tea/workflows/testarch/teach-me-testing/data/session-content-map.yaml","0543af0912d23def025a15d43fa99d3e71f1913ef3c86b8121de6a340cc3019e"
"yaml","tea-resources-index","tea","tea/workflows/testarch/teach-me-testing/data/tea-resources-index.yaml","d6b9f9a0616ac1bc9bc05f24cca282fc0c0e836dfa72bc5d13771725a608d934"
"yaml","workflow","tea","tea/workflows/testarch/atdd/workflow.yaml","f4001f7a6374fb185f87f3a687d50e34854ad41c10aff8c3c5256291bbb8495d"
"yaml","workflow","tea","tea/workflows/testarch/automate/workflow.yaml","999d220faf516e5b78c31b3cf05b5b23d5e88e2448c10c2d450d2771ed5690df"
"yaml","workflow","tea","tea/workflows/testarch/ci/workflow.yaml","7b8b14556e1fc49ffe5dda0830074b498af325c8b4f946c1d53f90debac57b70"
"yaml","workflow","tea","tea/workflows/testarch/framework/workflow.yaml","2b44f897f840aedc7a2d5bb4f1e3732d061cb45affc0f15e953886194140f84d"
"yaml","workflow","tea","tea/workflows/testarch/nfr-assess/workflow.yaml","663568bfcba2f800e35f57ab23c94346c50de4a49e0947eab8a6668487aa5a57"
"yaml","workflow","tea","tea/workflows/testarch/test-design/workflow.yaml","c0a7de66060926838fec5126d98d837d5c725e3a519207949281a4f290cf73d8"
"yaml","workflow","tea","tea/workflows/testarch/test-review/workflow.yaml","1a449d0314f90d1e4a47a0d5473d1adf97c893065fe8cdcd30287cb0add13102"
"yaml","workflow","tea","tea/workflows/testarch/trace/workflow.yaml","9d114202e323681bb01a7df2e7454d1dc3d4024da9fadc9e11eab605314f32d3"
